{
    "Loss": 0.740800142288208,
    "Accuracy": 0.7799999713897705
}